id,flushCache,semanticAnalyze,parse,TezCreateVertex.Map 3,TezRunVertex.Reducer 5,TezCreateVertex.Map 4,query,"getTable_(String, String, )",serializePlan,PostHook.org.apache.hadoop.hive.ql.hooks.ATSHook,runTasks,TezSubmitToRunningDag,flushCache_(),releaseLocks,TezSubmitDag,optimizer,TezRunVertex.Map 4,TezRunVertex.Map 1,TezRunVertex.Map 2,TezRunVertex.Map 3,TezBuildDag,partition-retrieving,get_table,TezCreateVertex.Map 2,PreHook.org.apache.hadoop.hive.ql.hooks.ATSHook,"isCompatibleWith_(HiveConf, )",get_table_statistics_req,TezRunDag,compile,doAuthorization,TezCreateVertex.Map 1,TezCompiler,Driver.execute,Driver.run,"getTableColumnStatistics_(String, String, List, )",TezCreateVertex.Reducer 5
0,0,285,2,9,621,9,"
SELECT `lineitem`.`l_shipinstruct` AS `l_shipinstruct`, SUM(`lineitem`.`l_extendedprice`) AS `sum_l_extendedprice_ok` FROM `tpch_bin_flat_orc_2`.`lineitem` `lineitem` JOIN `tpch_bin_flat_orc_2`.`orders` `orders` ON (`lineitem`.`l_orderkey` = `orders`.`o_orderkey`) JOIN `tpch_bin_flat_orc_2`.`customer` `customer` ON (`orders`.`o_custkey` = `customer`.`c_custkey`) JOIN `tpch_bin_flat_orc_2`.`nation` `nation` ON (`customer`.`c_nationkey` = `nation`.`n_nationkey`) WHERE ((((NOT (`lineitem`.`l_partkey` IS NULL)) AND (NOT (`lineitem`.`l_suppkey` IS NULL))) AND ((NOT (`lineitem`.`l_partkey` IS NULL)) AND (NOT (`lineitem`.`l_suppkey` IS NULL)))) AND (NOT (`nation`.`n_regionkey` IS NULL))) GROUP BY `lineitem`.`l_shipinstruct`
",84,1,0,4240,213,0,0,303,0,2750,0,0,900,49,0,7,8,0,0,6,3816,293,5,9,8,4242,4537,123,8
1,0,254,3,9,782,9,"
SELECT `lineitem`.`l_shipinstruct` AS `l_shipinstruct`, `lineitem`.`l_shipmode` AS `l_shipmode`, SUM(`lineitem`.`l_extendedprice`) AS `sum_l_extendedprice_ok` FROM `tpch_bin_flat_orc_2`.`lineitem` `lineitem` JOIN `tpch_bin_flat_orc_2`.`orders` `orders` ON (`lineitem`.`l_orderkey` = `orders`.`o_orderkey`) JOIN `tpch_bin_flat_orc_2`.`customer` `customer` ON (`orders`.`o_custkey` = `customer`.`c_custkey`) JOIN `tpch_bin_flat_orc_2`.`nation` `nation` ON (`customer`.`c_nationkey` = `nation`.`n_nationkey`) WHERE ((((NOT (`lineitem`.`l_partkey` IS NULL)) AND (NOT (`lineitem`.`l_suppkey` IS NULL))) AND ((NOT (`lineitem`.`l_partkey` IS NULL)) AND (NOT (`lineitem`.`l_suppkey` IS NULL)))) AND (NOT (`nation`.`n_regionkey` IS NULL))) GROUP BY `lineitem`.`l_shipinstruct`, `lineitem`.`l_shipmode`
",76,0,1,4422,226,0,0,420,0,3265,0,0,625,48,0,5,8,1,0,7,3909,264,6,10,8,4424,4690,104,8
2,4,240,1,8,145,26,"
SELECT SUM(`lineitem`.`l_extendedprice`) AS `sum_l_extendedprice_ok`, COUNT(1) AS `x__alias__0` FROM `tpch_bin_flat_orc_2`.`lineitem` `lineitem` JOIN `tpch_bin_flat_orc_2`.`orders` `orders` ON (`lineitem`.`l_orderkey` = `orders`.`o_orderkey`) JOIN `tpch_bin_flat_orc_2`.`customer` `customer` ON (`orders`.`o_custkey` = `customer`.`c_custkey`) JOIN `tpch_bin_flat_orc_2`.`nation` `nation` ON (`customer`.`c_nationkey` = `nation`.`n_nationkey`) WHERE ((((NOT (`lineitem`.`l_partkey` IS NULL)) AND (NOT (`lineitem`.`l_suppkey` IS NULL))) AND ((NOT (`lineitem`.`l_partkey` IS NULL)) AND (NOT (`lineitem`.`l_suppkey` IS NULL)))) AND (NOT (`nation`.`n_regionkey` IS NULL))) GROUP BY 1 HAVING (COUNT(1) > 0)
",47,1,0,3217,228,4,0,378,0,2016,0,0,662,66,0,6,8,0,0,7,2698,249,6,8,14,3218,3470,106,8
3,0,231,1,9,38,8,"
SELECT `lineitem`.`l_shipinstruct` AS `l_shipinstruct`, SUM(`lineitem`.`l_extendedprice`) AS `sum_l_extendedprice_ok` FROM `tpch_bin_flat_orc_2`.`lineitem` `lineitem` JOIN `tpch_bin_flat_orc_2`.`orders` `orders` ON (`lineitem`.`l_orderkey` = `orders`.`o_orderkey`) JOIN `tpch_bin_flat_orc_2`.`customer` `customer` ON (`orders`.`o_custkey` = `customer`.`c_custkey`) JOIN `tpch_bin_flat_orc_2`.`nation` `nation` ON (`customer`.`c_nationkey` = `nation`.`n_nationkey`) WHERE ((((NOT (`lineitem`.`l_partkey` IS NULL)) AND (NOT (`lineitem`.`l_suppkey` IS NULL))) AND ((NOT (`lineitem`.`l_partkey` IS NULL)) AND (NOT (`lineitem`.`l_suppkey` IS NULL)))) AND (NOT (`nation`.`n_regionkey` IS NULL))) GROUP BY `lineitem`.`l_shipinstruct`
",48,1,0,3757,218,0,0,455,0,2532,0,0,621,48,0,6,8,1,0,7,3205,239,5,8,9,3758,3999,99,9
4,0,237,2,9,639,8,"
SELECT `lineitem`.`l_shipinstruct` AS `l_shipinstruct`, `lineitem`.`l_shipmode` AS `l_shipmode`, SUM(`lineitem`.`l_extendedprice`) AS `sum_l_extendedprice_ok` FROM `tpch_bin_flat_orc_2`.`lineitem` `lineitem` JOIN `tpch_bin_flat_orc_2`.`orders` `orders` ON (`lineitem`.`l_orderkey` = `orders`.`o_orderkey`) JOIN `tpch_bin_flat_orc_2`.`customer` `customer` ON (`orders`.`o_custkey` = `customer`.`c_custkey`) JOIN `tpch_bin_flat_orc_2`.`nation` `nation` ON (`customer`.`c_nationkey` = `nation`.`n_nationkey`) WHERE ((((NOT (`lineitem`.`l_partkey` IS NULL)) AND (NOT (`lineitem`.`l_suppkey` IS NULL))) AND ((NOT (`lineitem`.`l_partkey` IS NULL)) AND (NOT (`lineitem`.`l_suppkey` IS NULL)))) AND (NOT (`nation`.`n_regionkey` IS NULL))) GROUP BY `lineitem`.`l_shipinstruct`, `lineitem`.`l_shipmode`
",62,1,0,4457,218,0,0,325,0,2944,0,0,646,48,0,6,7,0,0,6,4040,250,9,7,9,4458,4711,103,11
5,4,240,1,8,499,10,"
SELECT SUM(`lineitem`.`l_extendedprice`) AS `sum_l_extendedprice_ok`, COUNT(1) AS `x__alias__0` FROM `tpch_bin_flat_orc_2`.`lineitem` `lineitem` JOIN `tpch_bin_flat_orc_2`.`orders` `orders` ON (`lineitem`.`l_orderkey` = `orders`.`o_orderkey`) JOIN `tpch_bin_flat_orc_2`.`customer` `customer` ON (`orders`.`o_custkey` = `customer`.`c_custkey`) JOIN `tpch_bin_flat_orc_2`.`nation` `nation` ON (`customer`.`c_nationkey` = `nation`.`n_nationkey`) WHERE ((((NOT (`lineitem`.`l_partkey` IS NULL)) AND (NOT (`lineitem`.`l_suppkey` IS NULL))) AND ((NOT (`lineitem`.`l_partkey` IS NULL)) AND (NOT (`lineitem`.`l_suppkey` IS NULL)))) AND (NOT (`nation`.`n_regionkey` IS NULL))) GROUP BY 1 HAVING (COUNT(1) > 0)
",47,1,0,4023,222,4,0,308,0,2951,0,0,821,56,0,7,8,1,1,7,3587,252,10,9,11,4025,4280,104,10
6,0,268,1,10,715,7,"
SELECT `lineitem`.`l_shipinstruct` AS `l_shipinstruct`, SUM(`lineitem`.`l_extendedprice`) AS `sum_l_extendedprice_ok` FROM `tpch_bin_flat_orc_2`.`lineitem` `lineitem` JOIN `tpch_bin_flat_orc_2`.`orders` `orders` ON (`lineitem`.`l_orderkey` = `orders`.`o_orderkey`) JOIN `tpch_bin_flat_orc_2`.`customer` `customer` ON (`orders`.`o_custkey` = `customer`.`c_custkey`) JOIN `tpch_bin_flat_orc_2`.`nation` `nation` ON (`customer`.`c_nationkey` = `nation`.`n_nationkey`) WHERE ((((NOT (`lineitem`.`l_partkey` IS NULL)) AND (NOT (`lineitem`.`l_suppkey` IS NULL))) AND ((NOT (`lineitem`.`l_partkey` IS NULL)) AND (NOT (`lineitem`.`l_suppkey` IS NULL)))) AND (NOT (`nation`.`n_regionkey` IS NULL))) GROUP BY `lineitem`.`l_shipinstruct`
",50,0,0,4075,221,0,0,331,0,2491,0,0,657,46,0,6,7,1,0,6,3657,275,5,7,13,4077,4354,132,8
7,0,234,1,8,396,11,"
SELECT `lineitem`.`l_shipinstruct` AS `l_shipinstruct`, `lineitem`.`l_shipmode` AS `l_shipmode`, SUM(`lineitem`.`l_extendedprice`) AS `sum_l_extendedprice_ok` FROM `tpch_bin_flat_orc_2`.`lineitem` `lineitem` JOIN `tpch_bin_flat_orc_2`.`orders` `orders` ON (`lineitem`.`l_orderkey` = `orders`.`o_orderkey`) JOIN `tpch_bin_flat_orc_2`.`customer` `customer` ON (`orders`.`o_custkey` = `customer`.`c_custkey`) JOIN `tpch_bin_flat_orc_2`.`nation` `nation` ON (`customer`.`c_nationkey` = `nation`.`n_nationkey`) WHERE ((((NOT (`lineitem`.`l_partkey` IS NULL)) AND (NOT (`lineitem`.`l_suppkey` IS NULL))) AND ((NOT (`lineitem`.`l_partkey` IS NULL)) AND (NOT (`lineitem`.`l_suppkey` IS NULL)))) AND (NOT (`nation`.`n_regionkey` IS NULL))) GROUP BY `lineitem`.`l_shipinstruct`, `lineitem`.`l_shipmode`
",56,1,0,4430,220,0,0,366,0,3322,0,0,646,50,0,9,7,0,0,7,3973,241,5,9,10,4432,4676,105,9
8,4,230,1,9,532,9,"
SELECT SUM(`lineitem`.`l_extendedprice`) AS `sum_l_extendedprice_ok`, COUNT(1) AS `x__alias__0` FROM `tpch_bin_flat_orc_2`.`lineitem` `lineitem` JOIN `tpch_bin_flat_orc_2`.`orders` `orders` ON (`lineitem`.`l_orderkey` = `orders`.`o_orderkey`) JOIN `tpch_bin_flat_orc_2`.`customer` `customer` ON (`orders`.`o_custkey` = `customer`.`c_custkey`) JOIN `tpch_bin_flat_orc_2`.`nation` `nation` ON (`customer`.`c_nationkey` = `nation`.`n_nationkey`) WHERE ((((NOT (`lineitem`.`l_partkey` IS NULL)) AND (NOT (`lineitem`.`l_suppkey` IS NULL))) AND ((NOT (`lineitem`.`l_partkey` IS NULL)) AND (NOT (`lineitem`.`l_suppkey` IS NULL)))) AND (NOT (`nation`.`n_regionkey` IS NULL))) GROUP BY 1 HAVING (COUNT(1) > 0)
",49,1,0,3974,215,4,0,382,0,2804,0,0,619,49,0,7,8,0,0,7,3435,244,11,9,11,3978,4226,98,8
9,0,232,1,9,356,10,"
SELECT `lineitem`.`l_shipinstruct` AS `l_shipinstruct`, SUM(`lineitem`.`l_extendedprice`) AS `sum_l_extendedprice_ok` FROM `tpch_bin_flat_orc_2`.`lineitem` `lineitem` JOIN `tpch_bin_flat_orc_2`.`orders` `orders` ON (`lineitem`.`l_orderkey` = `orders`.`o_orderkey`) JOIN `tpch_bin_flat_orc_2`.`customer` `customer` ON (`orders`.`o_custkey` = `customer`.`c_custkey`) JOIN `tpch_bin_flat_orc_2`.`nation` `nation` ON (`customer`.`c_nationkey` = `nation`.`n_nationkey`) WHERE ((((NOT (`lineitem`.`l_partkey` IS NULL)) AND (NOT (`lineitem`.`l_suppkey` IS NULL))) AND ((NOT (`lineitem`.`l_partkey` IS NULL)) AND (NOT (`lineitem`.`l_suppkey` IS NULL)))) AND (NOT (`nation`.`n_regionkey` IS NULL))) GROUP BY `lineitem`.`l_shipinstruct`
",62,1,1,4326,209,0,0,362,0,3115,0,0,614,50,0,6,8,0,0,7,3872,240,6,9,8,4328,4569,99,9
10,0,250,1,8,1207,10,"
SELECT `lineitem`.`l_shipinstruct` AS `l_shipinstruct`, `lineitem`.`l_shipmode` AS `l_shipmode`, SUM(`lineitem`.`l_extendedprice`) AS `sum_l_extendedprice_ok` FROM `tpch_bin_flat_orc_2`.`lineitem` `lineitem` JOIN `tpch_bin_flat_orc_2`.`orders` `orders` ON (`lineitem`.`l_orderkey` = `orders`.`o_orderkey`) JOIN `tpch_bin_flat_orc_2`.`customer` `customer` ON (`orders`.`o_custkey` = `customer`.`c_custkey`) JOIN `tpch_bin_flat_orc_2`.`nation` `nation` ON (`customer`.`c_nationkey` = `nation`.`n_nationkey`) WHERE ((((NOT (`lineitem`.`l_partkey` IS NULL)) AND (NOT (`lineitem`.`l_suppkey` IS NULL))) AND ((NOT (`lineitem`.`l_partkey` IS NULL)) AND (NOT (`lineitem`.`l_suppkey` IS NULL)))) AND (NOT (`nation`.`n_regionkey` IS NULL))) GROUP BY `lineitem`.`l_shipinstruct`, `lineitem`.`l_shipmode`
",59,1,1,9385,251,0,0,774,0,5879,0,0,2067,48,0,7,9,0,0,8,8518,257,5,7,8,9387,9646,105,8
11,4,228,1,8,464,12,"
SELECT SUM(`lineitem`.`l_extendedprice`) AS `sum_l_extendedprice_ok`, COUNT(1) AS `x__alias__0` FROM `tpch_bin_flat_orc_2`.`lineitem` `lineitem` JOIN `tpch_bin_flat_orc_2`.`orders` `orders` ON (`lineitem`.`l_orderkey` = `orders`.`o_orderkey`) JOIN `tpch_bin_flat_orc_2`.`customer` `customer` ON (`orders`.`o_custkey` = `customer`.`c_custkey`) JOIN `tpch_bin_flat_orc_2`.`nation` `nation` ON (`customer`.`c_nationkey` = `nation`.`n_nationkey`) WHERE ((((NOT (`lineitem`.`l_partkey` IS NULL)) AND (NOT (`lineitem`.`l_suppkey` IS NULL))) AND ((NOT (`lineitem`.`l_partkey` IS NULL)) AND (NOT (`lineitem`.`l_suppkey` IS NULL)))) AND (NOT (`nation`.`n_regionkey` IS NULL))) GROUP BY 1 HAVING (COUNT(1) > 0)
",48,1,1,4609,225,4,0,413,0,2726,0,0,853,58,0,7,7,0,2,7,4053,237,7,11,12,4615,4853,101,12
12,0,341,1,14,1103,8,"
SELECT `lineitem`.`l_shipinstruct` AS `l_shipinstruct`, SUM(`lineitem`.`l_extendedprice`) AS `sum_l_extendedprice_ok` FROM `tpch_bin_flat_orc_2`.`lineitem` `lineitem` JOIN `tpch_bin_flat_orc_2`.`orders` `orders` ON (`lineitem`.`l_orderkey` = `orders`.`o_orderkey`) JOIN `tpch_bin_flat_orc_2`.`customer` `customer` ON (`orders`.`o_custkey` = `customer`.`c_custkey`) JOIN `tpch_bin_flat_orc_2`.`nation` `nation` ON (`customer`.`c_nationkey` = `nation`.`n_nationkey`) WHERE ((((NOT (`lineitem`.`l_partkey` IS NULL)) AND (NOT (`lineitem`.`l_suppkey` IS NULL))) AND ((NOT (`lineitem`.`l_partkey` IS NULL)) AND (NOT (`lineitem`.`l_suppkey` IS NULL)))) AND (NOT (`nation`.`n_regionkey` IS NULL))) GROUP BY `lineitem`.`l_shipinstruct`
",110,6,1,5587,219,0,0,519,0,4079,0,0,855,67,0,11,15,1,0,6,4940,356,12,13,11,5589,5947,148,12
13,0,303,1,10,341,8,"
SELECT `lineitem`.`l_shipinstruct` AS `l_shipinstruct`, `lineitem`.`l_shipmode` AS `l_shipmode`, SUM(`lineitem`.`l_extendedprice`) AS `sum_l_extendedprice_ok` FROM `tpch_bin_flat_orc_2`.`lineitem` `lineitem` JOIN `tpch_bin_flat_orc_2`.`orders` `orders` ON (`lineitem`.`l_orderkey` = `orders`.`o_orderkey`) JOIN `tpch_bin_flat_orc_2`.`customer` `customer` ON (`orders`.`o_custkey` = `customer`.`c_custkey`) JOIN `tpch_bin_flat_orc_2`.`nation` `nation` ON (`customer`.`c_nationkey` = `nation`.`n_nationkey`) WHERE ((((NOT (`lineitem`.`l_partkey` IS NULL)) AND (NOT (`lineitem`.`l_suppkey` IS NULL))) AND ((NOT (`lineitem`.`l_partkey` IS NULL)) AND (NOT (`lineitem`.`l_suppkey` IS NULL)))) AND (NOT (`nation`.`n_regionkey` IS NULL))) GROUP BY `lineitem`.`l_shipinstruct`, `lineitem`.`l_shipmode`
",79,1,1,4442,206,0,0,617,0,2852,0,0,857,62,0,7,12,0,0,6,3704,320,14,13,13,4443,4765,139,12
14,4,233,2,10,893,8,"
SELECT SUM(`lineitem`.`l_extendedprice`) AS `sum_l_extendedprice_ok`, COUNT(1) AS `x__alias__0` FROM `tpch_bin_flat_orc_2`.`lineitem` `lineitem` JOIN `tpch_bin_flat_orc_2`.`orders` `orders` ON (`lineitem`.`l_orderkey` = `orders`.`o_orderkey`) JOIN `tpch_bin_flat_orc_2`.`customer` `customer` ON (`orders`.`o_custkey` = `customer`.`c_custkey`) JOIN `tpch_bin_flat_orc_2`.`nation` `nation` ON (`customer`.`c_nationkey` = `nation`.`n_nationkey`) WHERE ((((NOT (`lineitem`.`l_partkey` IS NULL)) AND (NOT (`lineitem`.`l_suppkey` IS NULL))) AND ((NOT (`lineitem`.`l_partkey` IS NULL)) AND (NOT (`lineitem`.`l_suppkey` IS NULL)))) AND (NOT (`nation`.`n_regionkey` IS NULL))) GROUP BY 1 HAVING (COUNT(1) > 0)
",48,0,2,4374,215,4,0,397,0,2724,0,0,641,54,0,7,7,0,0,6,3844,245,9,9,11,4379,4626,100,14
15,0,218,1,10,498,8,"
SELECT `lineitem`.`l_shipinstruct` AS `l_shipinstruct`, SUM(`lineitem`.`l_extendedprice`) AS `sum_l_extendedprice_ok` FROM `tpch_bin_flat_orc_2`.`lineitem` `lineitem` JOIN `tpch_bin_flat_orc_2`.`orders` `orders` ON (`lineitem`.`l_orderkey` = `orders`.`o_orderkey`) JOIN `tpch_bin_flat_orc_2`.`customer` `customer` ON (`orders`.`o_custkey` = `customer`.`c_custkey`) JOIN `tpch_bin_flat_orc_2`.`nation` `nation` ON (`customer`.`c_nationkey` = `nation`.`n_nationkey`) WHERE ((((NOT (`lineitem`.`l_partkey` IS NULL)) AND (NOT (`lineitem`.`l_suppkey` IS NULL))) AND ((NOT (`lineitem`.`l_partkey` IS NULL)) AND (NOT (`lineitem`.`l_suppkey` IS NULL)))) AND (NOT (`nation`.`n_regionkey` IS NULL))) GROUP BY `lineitem`.`l_shipinstruct`
",47,0,1,4578,216,0,0,419,0,2912,0,0,850,48,0,5,8,0,0,11,4068,226,6,9,9,4580,4807,101,8
16,0,235,3,8,1065,8,"
SELECT `lineitem`.`l_shipinstruct` AS `l_shipinstruct`, `lineitem`.`l_shipmode` AS `l_shipmode`, SUM(`lineitem`.`l_extendedprice`) AS `sum_l_extendedprice_ok` FROM `tpch_bin_flat_orc_2`.`lineitem` `lineitem` JOIN `tpch_bin_flat_orc_2`.`orders` `orders` ON (`lineitem`.`l_orderkey` = `orders`.`o_orderkey`) JOIN `tpch_bin_flat_orc_2`.`customer` `customer` ON (`orders`.`o_custkey` = `customer`.`c_custkey`) JOIN `tpch_bin_flat_orc_2`.`nation` `nation` ON (`customer`.`c_nationkey` = `nation`.`n_nationkey`) WHERE ((((NOT (`lineitem`.`l_partkey` IS NULL)) AND (NOT (`lineitem`.`l_suppkey` IS NULL))) AND ((NOT (`lineitem`.`l_partkey` IS NULL)) AND (NOT (`lineitem`.`l_suppkey` IS NULL)))) AND (NOT (`nation`.`n_regionkey` IS NULL))) GROUP BY `lineitem`.`l_shipinstruct`, `lineitem`.`l_shipmode`
",50,0,1,5501,208,0,0,264,0,3450,0,0,1072,46,0,5,8,1,0,7,5149,248,9,8,7,5503,5753,100,9
17,4,241,1,7,332,10,"
SELECT SUM(`lineitem`.`l_extendedprice`) AS `sum_l_extendedprice_ok`, COUNT(1) AS `x__alias__0` FROM `tpch_bin_flat_orc_2`.`lineitem` `lineitem` JOIN `tpch_bin_flat_orc_2`.`orders` `orders` ON (`lineitem`.`l_orderkey` = `orders`.`o_orderkey`) JOIN `tpch_bin_flat_orc_2`.`customer` `customer` ON (`orders`.`o_custkey` = `customer`.`c_custkey`) JOIN `tpch_bin_flat_orc_2`.`nation` `nation` ON (`customer`.`c_nationkey` = `nation`.`n_nationkey`) WHERE ((((NOT (`lineitem`.`l_partkey` IS NULL)) AND (NOT (`lineitem`.`l_suppkey` IS NULL))) AND ((NOT (`lineitem`.`l_partkey` IS NULL)) AND (NOT (`lineitem`.`l_suppkey` IS NULL)))) AND (NOT (`nation`.`n_regionkey` IS NULL))) GROUP BY 1 HAVING (COUNT(1) > 0)
",45,1,0,3236,209,4,0,232,0,2135,0,0,449,52,0,6,7,0,0,6,2882,250,6,9,10,3237,3489,95,12
18,0,227,2,7,596,8,"
SELECT `lineitem`.`l_shipinstruct` AS `l_shipinstruct`, SUM(`lineitem`.`l_extendedprice`) AS `sum_l_extendedprice_ok` FROM `tpch_bin_flat_orc_2`.`lineitem` `lineitem` JOIN `tpch_bin_flat_orc_2`.`orders` `orders` ON (`lineitem`.`l_orderkey` = `orders`.`o_orderkey`) JOIN `tpch_bin_flat_orc_2`.`customer` `customer` ON (`orders`.`o_custkey` = `customer`.`c_custkey`) JOIN `tpch_bin_flat_orc_2`.`nation` `nation` ON (`customer`.`c_nationkey` = `nation`.`n_nationkey`) WHERE ((((NOT (`lineitem`.`l_partkey` IS NULL)) AND (NOT (`lineitem`.`l_suppkey` IS NULL))) AND ((NOT (`lineitem`.`l_partkey` IS NULL)) AND (NOT (`lineitem`.`l_suppkey` IS NULL)))) AND (NOT (`nation`.`n_regionkey` IS NULL))) GROUP BY `lineitem`.`l_shipinstruct`
",59,0,2,4350,208,0,0,348,0,2900,0,0,837,43,0,8,7,0,0,7,3912,236,6,8,7,4353,4593,98,8
19,0,210,1,11,619,9,"
SELECT `lineitem`.`l_shipinstruct` AS `l_shipinstruct`, `lineitem`.`l_shipmode` AS `l_shipmode`, SUM(`lineitem`.`l_extendedprice`) AS `sum_l_extendedprice_ok` FROM `tpch_bin_flat_orc_2`.`lineitem` `lineitem` JOIN `tpch_bin_flat_orc_2`.`orders` `orders` ON (`lineitem`.`l_orderkey` = `orders`.`o_orderkey`) JOIN `tpch_bin_flat_orc_2`.`customer` `customer` ON (`orders`.`o_custkey` = `customer`.`c_custkey`) JOIN `tpch_bin_flat_orc_2`.`nation` `nation` ON (`customer`.`c_nationkey` = `nation`.`n_nationkey`) WHERE ((((NOT (`lineitem`.`l_partkey` IS NULL)) AND (NOT (`lineitem`.`l_suppkey` IS NULL))) AND ((NOT (`lineitem`.`l_partkey` IS NULL)) AND (NOT (`lineitem`.`l_suppkey` IS NULL)))) AND (NOT (`nation`.`n_regionkey` IS NULL))) GROUP BY `lineitem`.`l_shipinstruct`, `lineitem`.`l_shipmode`
",43,1,0,4424,211,0,0,355,0,2926,0,0,611,58,0,5,9,0,0,6,3962,220,8,10,8,4425,4647,95,10
20,5,218,1,8,613,11,"
SELECT SUM(`lineitem`.`l_extendedprice`) AS `sum_l_extendedprice_ok`, COUNT(1) AS `x__alias__0` FROM `tpch_bin_flat_orc_2`.`lineitem` `lineitem` JOIN `tpch_bin_flat_orc_2`.`orders` `orders` ON (`lineitem`.`l_orderkey` = `orders`.`o_orderkey`) JOIN `tpch_bin_flat_orc_2`.`customer` `customer` ON (`orders`.`o_custkey` = `customer`.`c_custkey`) JOIN `tpch_bin_flat_orc_2`.`nation` `nation` ON (`customer`.`c_nationkey` = `nation`.`n_nationkey`) WHERE ((((NOT (`lineitem`.`l_partkey` IS NULL)) AND (NOT (`lineitem`.`l_suppkey` IS NULL))) AND ((NOT (`lineitem`.`l_partkey` IS NULL)) AND (NOT (`lineitem`.`l_suppkey` IS NULL)))) AND (NOT (`nation`.`n_regionkey` IS NULL))) GROUP BY 1 HAVING (COUNT(1) > 0)
",45,1,1,4746,208,5,0,360,0,3649,0,0,1381,50,0,6,7,1,0,7,4270,225,5,8,10,4749,4978,101,11
21,0,302,2,14,292,12,"
SELECT `lineitem`.`l_shipinstruct` AS `l_shipinstruct`, SUM(`lineitem`.`l_extendedprice`) AS `sum_l_extendedprice_ok` FROM `tpch_bin_flat_orc_2`.`lineitem` `lineitem` JOIN `tpch_bin_flat_orc_2`.`orders` `orders` ON (`lineitem`.`l_orderkey` = `orders`.`o_orderkey`) JOIN `tpch_bin_flat_orc_2`.`customer` `customer` ON (`orders`.`o_custkey` = `customer`.`c_custkey`) JOIN `tpch_bin_flat_orc_2`.`nation` `nation` ON (`customer`.`c_nationkey` = `nation`.`n_nationkey`) WHERE ((((NOT (`lineitem`.`l_partkey` IS NULL)) AND (NOT (`lineitem`.`l_suppkey` IS NULL))) AND ((NOT (`lineitem`.`l_partkey` IS NULL)) AND (NOT (`lineitem`.`l_suppkey` IS NULL)))) AND (NOT (`nation`.`n_regionkey` IS NULL))) GROUP BY `lineitem`.`l_shipinstruct`
",67,0,0,4303,208,0,0,335,0,3100,0,0,659,66,0,6,10,0,0,11,3836,314,9,7,8,4304,4619,121,15
22,0,210,1,8,435,7,"
SELECT `lineitem`.`l_shipinstruct` AS `l_shipinstruct`, `lineitem`.`l_shipmode` AS `l_shipmode`, SUM(`lineitem`.`l_extendedprice`) AS `sum_l_extendedprice_ok` FROM `tpch_bin_flat_orc_2`.`lineitem` `lineitem` JOIN `tpch_bin_flat_orc_2`.`orders` `orders` ON (`lineitem`.`l_orderkey` = `orders`.`o_orderkey`) JOIN `tpch_bin_flat_orc_2`.`customer` `customer` ON (`orders`.`o_custkey` = `customer`.`c_custkey`) JOIN `tpch_bin_flat_orc_2`.`nation` `nation` ON (`customer`.`c_nationkey` = `nation`.`n_nationkey`) WHERE ((((NOT (`lineitem`.`l_partkey` IS NULL)) AND (NOT (`lineitem`.`l_suppkey` IS NULL))) AND ((NOT (`lineitem`.`l_partkey` IS NULL)) AND (NOT (`lineitem`.`l_suppkey` IS NULL)))) AND (NOT (`nation`.`n_regionkey` IS NULL))) GROUP BY `lineitem`.`l_shipinstruct`, `lineitem`.`l_shipmode`
",51,1,0,4842,219,0,0,447,0,3641,0,0,866,50,0,9,8,1,0,7,4297,218,5,9,8,4843,5063,96,11
23,4,216,1,8,419,8,"
SELECT SUM(`lineitem`.`l_extendedprice`) AS `sum_l_extendedprice_ok`, COUNT(1) AS `x__alias__0` FROM `tpch_bin_flat_orc_2`.`lineitem` `lineitem` JOIN `tpch_bin_flat_orc_2`.`orders` `orders` ON (`lineitem`.`l_orderkey` = `orders`.`o_orderkey`) JOIN `tpch_bin_flat_orc_2`.`customer` `customer` ON (`orders`.`o_custkey` = `customer`.`c_custkey`) JOIN `tpch_bin_flat_orc_2`.`nation` `nation` ON (`customer`.`c_nationkey` = `nation`.`n_nationkey`) WHERE ((((NOT (`lineitem`.`l_partkey` IS NULL)) AND (NOT (`lineitem`.`l_suppkey` IS NULL))) AND ((NOT (`lineitem`.`l_partkey` IS NULL)) AND (NOT (`lineitem`.`l_suppkey` IS NULL)))) AND (NOT (`nation`.`n_regionkey` IS NULL))) GROUP BY 1 HAVING (COUNT(1) > 0)
",46,0,0,3887,209,4,0,397,0,2080,0,0,897,45,0,6,8,0,0,8,3380,229,10,8,7,3889,4121,97,8
24,4,223,1,7,627,8,"
SELECT SUM(`lineitem`.`l_extendedprice`) AS `sum_l_extendedprice_ok`, COUNT(1) AS `x__alias__0` FROM `tpch_bin_flat_orc_2`.`lineitem` `lineitem` JOIN `tpch_bin_flat_orc_2`.`orders` `orders` ON (`lineitem`.`l_orderkey` = `orders`.`o_orderkey`) JOIN `tpch_bin_flat_orc_2`.`customer` `customer` ON (`orders`.`o_custkey` = `customer`.`c_custkey`) JOIN `tpch_bin_flat_orc_2`.`nation` `nation` ON (`customer`.`c_nationkey` = `nation`.`n_nationkey`) WHERE ((((NOT (`lineitem`.`l_partkey` IS NULL)) AND (NOT (`lineitem`.`l_suppkey` IS NULL))) AND ((NOT (`lineitem`.`l_partkey` IS NULL)) AND (NOT (`lineitem`.`l_suppkey` IS NULL)))) AND (NOT (`nation`.`n_regionkey` IS NULL))) GROUP BY 1 HAVING (COUNT(1) > 0)
",48,1,0,4300,219,5,0,711,0,2384,0,0,663,44,0,6,7,0,0,7,3457,230,5,8,9,4301,4534,105,7
